{
    "available_space": true,
    "id": "g",
    "size_max": 45.88619804382324,
    "size_mean": 12.023566465120059,
    "size_min": 1.780303955078125,
    "total_size": 889.7439184188843
}