{
    "available_space": true,
    "size_max": 45.88619804382324,
    "size_mean": 12.023566465120059,
    "size_min": 1.780303955078125,
    "total_size": 889.7439184188843,
    "video_list": {
        "@Grupo Firme @Luis Angel El Flaco  - Ac\u00e1bame De Matar  - (Official Music Video)-XtqdGi8WGg0.mp4": {
            "size": 18.59220600128174
        },
        "GHOSTEMANE - Mercury-31j4DIpgY9U.mp4": {
            "size": 9.992376327514648
        },
        "GIPSY KINGS - hotel california (EAGLES Cover) (HQ)-xUZpoogW_40.mp4": {
            "size": 20.20057964324951
        },
        "GITANA - Leon Leiden, Yung Dupe, Salma, Jeis, Pao Alvarado & Charly Romero-MoY9ZTuWgVE.mp4": {
            "size": 15.987054824829102
        },
        "GRUPO PESADO - Te quiero, Te amo con letra.-loTiOdk3wvk.mp4": {
            "size": 5.1582441329956055
        },
        "GRUPO PESADO- Cuando Yo Me Muera-VU3Vt06waVA.mp4": {
            "size": 3.5138063430786133
        },
        "Gallo rojo, gallo negro _ S\u00edlvia P\u00e9rez Cruz i Ra\u00fcl Fern\u00e1ndez-k7KmM8cwiZM.mp4": {
            "size": 20.20764446258545
        },
        "Galy Galiano - La Cita (Video Original)-PKFyQn5ytiY.mp4": {
            "size": 13.135871887207031
        },
        "Gang Starr - Jazz Thing (From 'Mo'Better Blues')-Y8g9KZYjAEk.mp4": {
            "size": 18.496702194213867
        },
        "Gangsters and Thugs - Transplants-K_ZG0qw_obk.mp4": {
            "size": 7.060945510864258
        },
        "Gare du Nord.mp4": {
            "size": 4.662900924682617
        },
        "Gary B.B. Coleman - The Sky is Crying-71Gt46aX9Z4.mp4": {
            "size": 27.322808265686035
        },
        "Gatillazo - Odio a los partidos Directo PintorRock 2017-zqOkKWes5hE.mp4": {
            "size": 10.609952926635742
        },
        "Gerardo Ortiz - Ego\u00edsta (Official Video)-yqsae2QQsA8.mp4": {
            "size": 10.001848220825195
        },
        "Get Busy-HXceurkQcCs.mp4": {
            "size": 7.65476131439209
        },
        "Ghetto Kids, Darell, Malo - Baja (Video Oficial)-qJ-kHqnnthI.mp4": {
            "size": 17.53986644744873
        },
        "Ghost of a Stranger-Ylecvo4P7HA.mp4": {
            "size": 7.930078506469727
        },
        "Ghouls Night Out-fLqKMQ-1H14.mp4": {
            "size": 4.132694244384766
        },
        "Gipsy Kings  - Pedir A Tu Corazon-Jo-zXXs8M5g.mp4": {
            "size": 9.394322395324707
        },
        "Gipsy Kings - A Mi Manera-UqpWSVIPWmc.mp4": {
            "size": 15.470854759216309
        },
        "Gipsy Kings - Bem, Bem, Maria-X_R10tJyDNQ.mp4": {
            "size": 6.011507034301758
        },
        "Gipsy Kings - Caminando Por la Calle (Live US Tour '90)-SY6Ywx4MI_E.mp4": {
            "size": 16.370115280151367
        },
        "Gipsy Kings - Djobi, Djoba (Official Video)-oxNK7VBizac.mp4": {
            "size": 12.112415313720703
        },
        "Gipsy Kings - Guitarra Espa\u00f1ola-HwMI2mY1Rus.mp4": {
            "size": 8.642452239990234
        },
        "Gipsy Kings - Habla Me (Audio)-bF2oYbsgUiY.mp4": {
            "size": 7.998917579650879
        },
        "Gipsy Kings - La Dona (Dedicated to Brigitte Bardot) (Audio)-AqTTBK3WwAs.mp4": {
            "size": 8.254190444946289
        },
        "Gipsy Kings - Rumba Tech - [ INSTRUMENTAL ]-JXpgfSUFAS0.mp4": {
            "size": 17.376534461975098
        },
        "Gipsy Kings - Sin Ella-UFgFxkIdSFI.mp4": {
            "size": 13.900481224060059
        },
        "Gipsy Kings - Tu quieres Volver-4fRMBdp6yTI.mp4": {
            "size": 12.146167755126953
        },
        "Gisela - \u00a1Su\u00e9ltalo! (De 'Frozen - El Reino del Hielo')-50vRlmr04iU.mp4": {
            "size": 13.787609100341797
        },
        "Give It All You Got.mp4": {
            "size": 14.989237785339355
        },
        "Glen Adams - She's So Fine (subtitulos en espa\u00f1ol)-lUH0H1q8Efc.mp4": {
            "size": 6.464228630065918
        },
        "Gloria Trevi - Ellas Soy Yo-S196X2NARB0.mp4": {
            "size": 18.877320289611816
        },
        "Going Away To School ~ Warner Mack (1958)-uUzNiAmx2Iw.mp4": {
            "size": 6.106801986694336
        },
        "Goldfinger - 99 Red Balloons-p-qfzH0vnOs.mp4": {
            "size": 19.044411659240723
        },
        "Golondrina-rMOnljNJnJs.mp4": {
            "size": 4.510222434997559
        },
        "Golpe De Suerte-JQKDtuAXK9c.mp4": {
            "size": 6.908550262451172
        },
        "Goo Goo Dolls - Iris [Official Music Video]-NdYWuo9OFAw.mp4": {
            "size": 17.313742637634277
        },
        "Gora Sartaguda-Si34ZUb7Yok.mp4": {
            "size": 2.3613452911376953
        },
        "Gorillaz - 19-2000 (Official Video).mp4": {
            "size": 17.62206745147705
        },
        "Gorillaz - Andromeda (Purple Disco Machine Remix)-tW3J9XnBbqk.mp4": {
            "size": 25.34011936187744
        },
        "Gracias Madrecita-HIvt0RG2Zt4.mp4": {
            "size": 8.798663139343262
        },
        "Gracias por volver-Oomb6gRhuxE.mp4": {
            "size": 6.985847473144531
        },
        "Great Balls of Fire - Jerry Lee Lewis _ Karaoke Version _ KaraFun-0kvK22_9bxE.mp4": {
            "size": 7.952672958374023
        },
        "Great Dub In The Sky-2HGIC_TUnd0.mp4": {
            "size": 6.236362457275391
        },
        "Green Day - Basket Case [Official Music Video]-NUTGr5t3MoY.mp4": {
            "size": 14.975933074951172
        },
        "Green Green Grass Of Home   Tom Jones & Englebert Humperdink  with lyrics-knkZ33vL-70.mp4": {
            "size": 8.108436584472656
        },
        "Green, Green Grass of Home (Live at Folsom State Prison, Folsom, CA - January 1968)-SLfxsneyfnY.mp4": {
            "size": 2.864744186401367
        },
        "Greta Van Fleet - Edge Of Darkness (Live in Toronto  2018).mp4": {
            "size": 45.88619804382324
        },
        "Grita - Control Machete-08rqD-yPgYc.mp4": {
            "size": 7.784997940063477
        },
        "Grupo  Pesado desde la cantina -Chiquilla Carinosa-45P204foKB4.mp4": {
            "size": 4.8253068923950195
        },
        "Grupo 360 - Aquilesorganigrama [Official Video]-XmIwqtdAPNY.mp4": {
            "size": 16.832853317260742
        },
        "Grupo Accion Oaxaca Con Deseos.-db6gYY8AHqU.mp4": {
            "size": 13.595775604248047
        },
        "Grupo Bryndis - Quiz\u00e1s Si, Quiz\u00e1s No (Video Oficial)-cgTuDu8sLZQ.mp4": {
            "size": 14.583700180053711
        },
        "Grupo Codiciado x Gera MX  - Desde Afuera [Official Video]-3dzs3K1soeQ.mp4": {
            "size": 17.267663955688477
        },
        "Grupo Firme - Calibre 50 - A Ti Te Conviene-fLI6EV4q9DU.mp4": {
            "size": 14.325767517089844
        },
        "Grupo Pesado - Casi Muerto-ZRu8tZqfCjE.mp4": {
            "size": 12.646684646606445
        },
        "Grupo Pesado - Choo Choo Tren en vivo-kewRyMwnlsg.mp4": {
            "size": 17.2353515625
        },
        "Grupo Pesado - Kiko Montalvo _ Mil Noches (En Vivo En La Cantina)-L3lcvrajNmo.mp4": {
            "size": 17.878870964050293
        },
        "Grupo Pesado - Lastima Me Das (En vivo Arena Mty 2020)-_RgyyaCUjio.mp4": {
            "size": 20.51815891265869
        },
        "Grupo Pesado - Si algun dia regresas.-CZD4GYclUFs.mp4": {
            "size": 6.013372421264648
        },
        "Grupo Recluta - La Balanza (Live Session)-jlqz04BbL58.mp4": {
            "size": 7.702248573303223
        },
        "Guerra y destruccion-6Bd-5Y23iDc.mp4": {
            "size": 1.780303955078125
        },
        "Guitar Slim  'The Things That I Used to Do'-fj33EGMbazY.mp4": {
            "size": 5.142742156982422
        },
        "Gundam Buld Fighter Try Full OP 1 (BACK-ON Cerulean)-wnFh8-ohC7w.mp4": {
            "size": 15.943675994873047
        },